continent,code,name,region,surface_area,independence_year,population,life_expectancy,gnp,gnp_old,local_name,government_form,head_of_state,capital,code2
North America,ABW,Aruba,Caribbean,193.0,,103000,78.4,828.0,793.0,Aruba,Nonmetropolitan Territory of The Netherlands,Willem-Alexander,129.0,AW
North America,AIA,Anguilla,Caribbean,96.0,,8000,76.1,63.2,,Anguilla,Dependent Territory of the uK,Elisabeth II,62.0,AI
Europe,AND,Andorra,Southern Europe,468.0,1278.0,78000,83.5,1630.0,,Andorra,Parliamentary Coprincipality,,55.0,AD
North America,ANT,Netherlands Antilles,Caribbean,800.0,,217000,74.7,1941.0,,Nederlandse Antillen,Nonmetropolitan Territory of The Netherlands,Willem-Alexander,33.0,AN
Oceania,ASM,American Samoa,Polynesia,199.0,,68000,75.1,334.0,,Amerika Samoa,uS Territory,George W. Bush,54.0,AS
North America,ATG,Antigua and Barbuda,Caribbean,442.0,1981.0,68000,70.5,612.0,584.0,Antigua and Barbuda,Constitutional Monarchy,Elisabeth II,63.0,AG
Asia,BHR,Bahrain,Middle East,694.0,1971.0,617000,73.0,6366.0,6097.0,Al-Bahrayn,Monarchy (Emirate),Hamad ibn Isa al-Khalifa,149.0,BH
North America,BMu,Bermuda,North America,53.0,,65000,76.9,2328.0,2190.0,Bermuda,Dependent Territory of the uK,Elisabeth II,191.0,BM
North America,BRB,Barbados,Caribbean,430.0,1966.0,270000,73.0,2223.0,2186.0,Barbados,Constitutional Monarchy,Elisabeth II,174.0,BB
Antarctica,BVT,Bouvet Island,Antarctica,59.0,,0,,0.0,,Bouvetoya,Dependent Territory of Norway,Harald V,,BV
Oceania,CCK,Cocos (Keeling) Islands,Australia and New Zealand,14.0,,600,,0.0,,Cocos (Keeling) Islands,Territory of Australia,Elisabeth II,2317.0,CC
Oceania,COK,Cook Islands,Polynesia,236.0,,20000,71.1,100.0,,The Cook Islands,Nonmetropolitan Territory of New Zealand,Elisabeth II,583.0,CK
Africa,COM,Comoros,Eastern Africa,1862.0,1975.0,578000,60.0,4401.0,4361.0,Komori/Comores,Republic,Azali Assoumani,2295.0,KM
Oceania,CXR,Christmas Island,Australia and New Zealand,135.0,,2500,,0.0,,Christmas Island,Territory of Australia,Elisabeth II,1791.0,CX
North America,CYM,Cayman Islands,Caribbean,264.0,,38000,78.9,1263.0,1186.0,Cayman Islands,Dependent Territory of the uK,Elisabeth II,553.0,KY
North America,DMA,Dominica,Caribbean,751.0,1978.0,71000,73.4,256.0,243.0,Dominica,Republic,Vernon Shaw,586.0,DM
Europe,FRO,Faroe Islands,Nordic Countries,1399.0,,43000,78.4,0.0,,Foroyar,Part of Denmark,Margrethe II,901.0,FO
Oceania,FSM,"Micronesia, Federated States of",Micronesia,702.0,1990.0,119000,68.6,212.0,,Micronesia,Federal Republic,Leo A. Falcam,2689.0,FM
Europe,GIB,Gibraltar,Southern Europe,6.0,,25000,79.0,258.0,,Gibraltar,Dependent Territory of the uK,Elisabeth II,915.0,GI
North America,GLP,Guadeloupe,Caribbean,1705.0,,456000,77.0,3501.0,,Guadeloupe,Overseas Department of France,Jacques Chirac,919.0,GP
North America,GRD,Grenada,Caribbean,344.0,1974.0,94000,64.5,318.0,,Grenada,Constitutional Monarchy,Elisabeth II,916.0,GD
Oceania,GuM,Guam,Micronesia,549.0,,168000,77.8,1197.0,1136.0,Guam,uS Territory,George W. Bush,921.0,Gu
Asia,HKG,Hong Kong,Eastern Asia,1075.0,,6782000,79.5,166448.0,173610.0,Xianggang/Hong Kong,Special Administrative Region of China,Jiang Zemin,937.0,HK
Antarctica,HMD,Heard Island and McDonald Islands,Antarctica,359.0,,0,,0.0,,Heard and McDonald Islands,Territory of Australia,Elisabeth II,,HM
Africa,IOT,British Indian Ocean Territory,Eastern Africa,78.0,,0,,0.0,,British Indian Ocean Territory,Dependent Territory of the uK,Elisabeth II,,IO
Oceania,KIR,Kiribati,Micronesia,726.0,1979.0,83000,59.8,40.7,,Kiribati,Republic,Teburoro Tito,2256.0,KI
North America,KNA,Saint Kitts and Nevis,Caribbean,261.0,1983.0,38000,70.7,299.0,,Saint Kitts and Nevis,Constitutional Monarchy,Elisabeth II,3064.0,KN
North America,LCA,Saint Lucia,Caribbean,622.0,1979.0,154000,72.3,571.0,,Saint Lucia,Constitutional Monarchy,Elisabeth II,3065.0,LC
Europe,LIE,Liechtenstein,Western Europe,160.0,1806.0,32300,78.8,1119.0,1084.0,Liechtenstein,Constitutional Monarchy,Hans-Adam II,2446.0,LI
Europe,LuX,Luxembourg,Western Europe,2586.0,1867.0,435700,77.1,16321.0,15519.0,Luxembourg/Letzebuerg,Constitutional Monarchy,Henri,2452.0,Lu
Asia,MAC,Macao,Eastern Asia,18.0,,473000,81.6,5749.0,5940.0,Macau/Aomen,Special Administrative Region of China,Jiang Zemin,2454.0,MO
Europe,MCO,Monaco,Western Europe,1.5,1861.0,34000,78.8,776.0,,Monaco,Constitutional Monarchy,Rainier III,2695.0,MC
Asia,MDV,Maldives,Southern and Central Asia,298.0,1965.0,286000,62.2,199.0,,Dhivehi Raajje/Maldives,Republic,Maumoon Abdul Gayoom,2463.0,MV
Oceania,MHL,Marshall Islands,Micronesia,181.0,1990.0,64000,65.5,97.0,,Marshall Islands/Majol,Republic,Kessai Note,2507.0,MH
Europe,MLT,Malta,Southern Europe,316.0,1964.0,380200,77.9,3512.0,3338.0,Malta,Republic,Guido de Marco,2484.0,MT
Oceania,MNP,Northern Mariana Islands,Micronesia,464.0,,78000,75.5,0.0,,Northern Mariana Islands,Commonwealth of the uS,George W. Bush,2913.0,MP
North America,MSR,Montserrat,Caribbean,102.0,,11000,78.0,109.0,,Montserrat,Dependent Territory of the uK,Elisabeth II,2697.0,MS
North America,MTQ,Martinique,Caribbean,1102.0,,395000,78.3,2731.0,2559.0,Martinique,Overseas Department of France,Jacques Chirac,2508.0,MQ
Africa,MuS,Mauritius,Eastern Africa,2040.0,1968.0,1158000,71.0,4251.0,4186.0,Mauritius,Republic,Cassam uteem,2511.0,Mu
Africa,MYT,Mayotte,Eastern Africa,373.0,,149000,59.5,0.0,,Mayotte,Territorial Collectivity of France,Jacques Chirac,2514.0,YT
Oceania,NFK,Norfolk Island,Australia and New Zealand,36.0,,2000,,0.0,,Norfolk Island,Territory of Australia,Elisabeth II,2806.0,NF
Oceania,NIu,Niue,Polynesia,260.0,,2000,,0.0,,Niue,Nonmetropolitan Territory of New Zealand,Elisabeth II,2805.0,Nu
Oceania,NRu,Nauru,Micronesia,21.0,1968.0,12000,60.8,197.0,,Naoero/Nauru,Republic,Bernard Dowiyogo,2728.0,NR
Oceania,PCN,Pitcairn,Polynesia,49.0,,50,,0.0,,Pitcairn,Dependent Territory of the uK,Elisabeth II,2912.0,PN
Oceania,PLW,Palau,Micronesia,459.0,1994.0,19000,68.6,105.0,,Belau/Palau,Republic,Kuniwo Nakamura,2881.0,PW
Africa,REu,Reunion,Eastern Africa,2510.0,,699000,72.7,8287.0,7988.0,Reunion,Overseas Department of France,Jacques Chirac,3017.0,RE
Asia,SGP,Singapore,Southeast Asia,618.0,1965.0,3567000,80.1,86503.0,96318.0,Singapore/Singapura/Xinjiapo/Singapur,Republic,Sellapan Rama Nathan,3208.0,SG
Antarctica,SGS,South Georgia and the South Sandwich Islands,Antarctica,3903.0,,0,,0.0,,South Georgia and the South Sandwich Islands,Dependent Territory of the uK,Elisabeth II,,GS
Africa,SHN,Saint Helena,Western Africa,314.0,,6000,76.8,0.0,,Saint Helena,Dependent Territory of the uK,Elisabeth II,3063.0,SH
Europe,SMR,San Marino,Southern Europe,61.0,885.0,27000,81.1,510.0,,San Marino,Republic,,3171.0,SM
North America,SPM,Saint Pierre and Miquelon,North America,242.0,,7000,77.6,0.0,,Saint-Pierre-et-Miquelon,Territorial Collectivity of France,Jacques Chirac,3067.0,PM
Africa,STP,Sao Tome and Principe,Central Africa,964.0,1975.0,147000,65.3,6.0,,Sao Tome e PrIncipe,Republic,Miguel Trovoada,3172.0,ST
Africa,SYC,Seychelles,Eastern Africa,455.0,1976.0,77000,70.4,536.0,539.0,Sesel/Seychelles,Republic,France-Albert Rene,3206.0,SC
North America,TCA,Turks and Caicos Islands,Caribbean,430.0,,17000,73.3,96.0,,The Turks and Caicos Islands,Dependent Territory of the uK,Elisabeth II,3423.0,TC
Oceania,TKL,Tokelau,Polynesia,12.0,,2000,,0.0,,Tokelau,Nonmetropolitan Territory of New Zealand,Elisabeth II,3333.0,TK
Oceania,TON,Tonga,Polynesia,650.0,1970.0,99000,67.9,146.0,170.0,Tonga,Monarchy,Taufa'ahau Tupou IV,3334.0,TO
Oceania,TuV,Tuvalu,Polynesia,26.0,1978.0,12000,66.3,6.0,,Tuvalu,Constitutional Monarchy,Elisabeth II,3424.0,TV
Oceania,uMI,united States Minor Outlying Islands,Micronesia/Caribbean,16.0,,0,,0.0,,united States Minor Outlying Islands,Dependent Territory of the uS,George W. Bush,,uM
Europe,VAT,Holy See (Vatican City State),Southern Europe,0.4,1929.0,1000,,9.0,,Santa Sede/Citta del Vaticano,Independent Church State,Johannes Paavali II,3538.0,VA
North America,VCT,Saint Vincent and the Grenadines,Caribbean,388.0,1979.0,114000,72.3,285.0,,Saint Vincent and the Grenadines,Constitutional Monarchy,Elisabeth II,3066.0,VC
North America,VGB,"Virgin Islands, British",Caribbean,151.0,,21000,75.4,612.0,573.0,British Virgin Islands,Dependent Territory of the uK,Elisabeth II,537.0,VG
North America,VIR,"Virgin Islands, u.S.",Caribbean,347.0,,93000,78.1,0.0,,Virgin Islands of the united States,uS Territory,George W. Bush,4067.0,VI
Oceania,WLF,Wallis and Futuna,Polynesia,200.0,,15000,,0.0,,Wallis-et-Futuna,Nonmetropolitan Territory of France,Jacques Chirac,3536.0,WF
Oceania,WSM,Samoa,Polynesia,2831.0,1962.0,180000,69.2,141.0,157.0,Samoa,Parlementary Monarchy,Malietoa Tanumafili II,3169.0,WS
